Name,Username,Follow by,Posts,Bio
Ekaterina,_ekaterinagorelova_,309,0,__________________________________________________
ğŸ„¾ğŸ„¼ğŸ…‚ğŸ„º
CC Forniture.pağŸ‡µğŸ‡¦,ccforniture.pa,465,12,ğŸª‘Muebles 
ğŸ¤– Domotica
ğŸ“±Ventas de Celulares 
ğŸ–¥Cable Internet (Liga EspanÌƒolağŸ‡ªğŸ‡¸)
IndustriaX,industriax,1745,85,ğŸ›¸Future is here! #IndustriaX ğŸ‘½
ğŸš€For more @dronesk ğŸ›°ï¸
Ekaterina ğŸ’,aleeva.kate,336,1,Ğ½Ğ¾Ğ²Ñ‹Ğ¸Ì† Ğ°ĞºĞºĞ°ÑƒĞ½Ñ‚, Ğº ÑÑ‚Ğ°Ñ€Ğ¾Ğ¼Ñƒ Ğ¿Ğ¾Ñ‚ĞµÑ€ÑĞ»Ğ° Ğ´Ğ¾ÑÑ‚ÑƒĞ¿ ğŸ–‡
ÑÑ‚ÑƒĞ´ĞµĞ½Ñ‚ĞºĞ° ğŸ‘©ğŸ»â€ğŸ“ 
Ğ´Ğ¸Ğ·Ğ°Ğ¸Ì†Ğ½ĞµÑ€ ğŸ“” ğŸ¨
,demon_setups,12,6,
Ğ¡Ñ‚ÑƒĞ´Ğ¸Ñ Ñ€Ğ°Ğ·Ñ€Ğ°Ğ±Ğ¾Ñ‚ĞºĞ¸ Ğ¸ Ğ´Ğ¸Ğ·Ğ°Ğ¸Ì†Ğ½Ğ°,adci.russia,84,20,Ğ Ğ°Ğ·Ñ€Ğ°Ğ±Ğ°Ñ‚Ñ‹Ğ²Ğ°ĞµĞ¼ Ğ²ĞµĞ±-ÑĞ°Ğ¸Ì†Ñ‚Ñ‹ Ñ 2007 Ğ³Ğ¾Ğ´Ğ°
Ğ‘Ğ¾Ğ»ĞµĞµ 250 Ğ¿Ñ€Ğ¾Ğ´ÑƒĞºÑ‚Ğ¾Ğ²: CRM, SaaS, eCommerce, ĞºĞ¾Ñ€Ğ¿Ğ¾Ñ€Ğ°Ñ‚Ğ¸Ğ²Ğ½Ñ‹Ğµ ÑĞ°Ğ¸Ì†Ñ‚Ñ‹
Ğ Ğ°ÑÑĞºĞ°Ğ¶Ğ¸Ñ‚Ğµ Ğ¾ ÑĞµĞ±Ğµ Ğ¸ Ğ¿Ñ€Ğ¾Ğ´ÑƒĞºÑ‚Ğµ Ğ² direct.
Alo,aaa_cerf,99,1,ĞºÑ‚Ğ¾ ÑÑ‚Ğ¾?
SUMMER ALONEğŸŒ™ğŸ–¤,summeralone_,5208,26,Music to cry/rob to
Mentally 5 people
BRATZ Out now
ğŸŒ™ğŸ–¤ğŸ’•/ğŸŒ™ğŸ–¤â›“
ĞœĞ°Ñ€Ğº,d__marq,261,6,Mark 19 y.o
Omsk / Novosibirsk, Russia ğŸ‡·ğŸ‡º
Studying in NSU
second @kramly_dreams
,max_wiesbaden,302,44,
ĞšĞ¾Ğ½ÑÑ‚Ğ°Ğ½Ñ‚Ğ¸Ğ½ ĞœĞ°ĞºÑĞ¸Ğ¼Ğ¾Ğ²Ğ¸Ñ‡,profyan99,398,69,Konstantin Artushkevich
Russia, Omsk 
Software Developer
Art profile: http://instagram.com/exceptionalskill
tocha,tootocha,330,79,
Vasiliy Lobanov,edx67379,196,12,
Ğ›ĞµÑ€Ğ°,valeriya__dyachenko,254,54,
Ğ’Ğ¸ĞºĞ° Ğ¨Ğ¸Ğ¿Ğ¾Ğ²Ğ°Ğ»Ğ¾Ğ²Ğ°,vikashipovalova,328,181,
,dan11l.4ekin,135,9,
Stepanov Oleg,_st_oleg_,530,43,Ğ’Ğ»Ğ°Ğ´ĞµĞ»ĞµÑ† ĞºĞ¾Ğ¼Ğ¿Ğ°Ğ½Ğ¸Ğ¸ StepanovAirLines
Student | OmSU IMIT
Max,drakonmax24on7,178,28,Ğ¤Ğ¾ĞºÑƒÑĞ½Ğ¸Ğº
#lumen #paint #magic
Ğ˜Ğ»ÑŒÑ,ihatekuzin,287,47,?  !
vlarikon,vlarikon,107,28,
Ğ¡Ğ°Ğ´ÑƒĞ»Ğ»Ğ°ĞµĞ²Ğ° ĞĞ°Ğ´Ñ,ppkbxx,291,34,Photographer, singer;
IMIT, OmSU;
21 y.o.
Ğ ÑƒÑˆĞºĞ¾Ğ²Ğ° ĞšÑĞµĞ½Ğ¸Ñ,rushkoova,176,7,ĞĞ¼ÑĞº, Ğ Ğ¾ÑÑĞ¸Ñ
Ğ–ĞµĞ½Ñ,i_soo_see,546,123,Ğ—Ğ´Ğ¾Ñ€Ğ¾Ğ²Ñ‹Ğ¹ Ğ½Ğ¾Ğ»ÑŒ-Ñ‡Ğ°ÑĞ¾Ğ²Ğ¾Ğ¹ ÑĞ¾Ğ½.
ĞĞ´ĞµĞ»ÑŒÑˆĞ¸Ğ½ Ğ”Ğ¼Ğ¸Ñ‚Ñ€Ğ¸Ğ¹,dimedovich2.0,123,60,
Ğ’Ğ¸ĞºÑ‚Ğ¾Ñ€Ğ¸Ñ ĞšĞ°Ğ¿Ğ»ÑƒĞ½,k_vikushaa_,473,78,Rus, Omsk
Dmitry Patoka,0razzu,83,1,
ğŸŒ¬ĞšÑ,l_kseny29,543,30,
,qpbnnh,15,8,trutenn
ĞĞ°Ğ½Ğ°,tu_du_rum,228,51,Ğ§Ñ‚Ğ¾-Ñ‚Ğ¾ Ğ¿Ñ€Ğ¾ Ñ€Ğ¸ÑÑƒĞ½ĞºĞ¸ Ğ¸ Ñ„Ğ¾Ñ‚Ğ¾Ğ³Ñ€Ğ°Ñ„Ğ¸Ğ¸
kak suka zhit' dalshe,nidhogg_rrr,148,136,who cares if the car is on fire as long as itâ€™s driving
kerner vladimir,cheshir_1804,163,10,
Konstantin,__der__reisende__,92,2,
ĞĞ¸ĞºĞ¸Ñ‚Ğ°,nicksolovey00,244,20,
ĞĞĞ¡Ğ¢Ğ¯ Ğ¡ĞĞ‘ĞĞ›Ğ¬,____sobol_____,111,9,Omsk
Ğmsu IMIT
Dancer
@nastyasoboll
,gruzdev_____,119,9,
ChuhmanNikita001,chuhmannikita001,66,2,
PrincessKa,foxcat_haruna,68,110,Daddy's Lil Monster
Lauren Marie,laurenmariestallard,3775,385,Just doing me ğŸ¤™ğŸ½ğŸ’•ğŸ’¯ğŸ¤™ğŸ½ Snapchat Lauren_stallard ğŸ™ŒğŸ¾ğŸ’ª Facebook Lauren mariee stallard â¤ï¸ğŸ™
Anastasiya,_squanchyyy_,150,83,
ÑĞ»Ñ,bskngrlndhlvu,347,0,
Ğ¢Ğ°Ñ‚ÑŒÑĞ½Ğ°,__dringelis15__,317,42,
Ğ”Ğ¼Ğ¸Ñ‚Ñ€Ğ¸Ğ¹ ĞÑÑ‚Ñ€Ğ¾Ğ²ÑĞºĞ¸Ğ¹,dudemades,463,376,ğŸ¥ĞšÑ€ĞµĞ°Ñ‚Ğ¸Ğ²Ğ½Ñ‹Ğ¹ Ğ²Ğ¸Ğ´ĞµĞ¾Ğ¼ĞµĞ¹ĞºĞµÑ€ Ğ² Ğ³.ĞĞ¼ÑĞº
ğŸ“ +79048277117
Loveyourself. Daddy's monster,venus_morning_star_,362,38,Lucifer, in classical mythology, the morning star (i.e.,Â the planet Venus at dawn);InÂ Roman mythology,Â VenusÂ was the goddess of love and beauty.
ĞšÑÑÑˆĞ°,ksenia_27_,222,81,
,alyonafilippova,395,214,
Ğ Ğ¸Ğ·Ğ·Ğ»,zdrika,66,135,This is just my photo album
ĞĞ¼ÑĞº,dimitriy_koop,141,19,
Ğ¢Ğ¾ÑˆĞ¸,mishka_toshi_lybit_kyshat,84,43,
K I P Y A T K O V S E R G E Y,h.o.t_w.a.t.e.r,264,21,
ĞºÑƒÑĞ¾Ğº Ñ‡ĞµĞ»Ğ¾Ğ²ĞµĞºĞ°,soramor,94,8,
Anastasia,tgstep,133,19,* Ñ‡Ñ‚Ğ¾-Ñ‚Ğ¾  Ğ¾Ğ±Ğ¾ Ğ¼Ğ½Ğµ *
Autumn GirlğŸ,natalyatoday,193,54,
come together,crunchofbones,405,18,F3: crunchofbones
ğŸ’Ğ¨Ğ°Ğ²Ğ°Ğ»ÑĞº Ğ•ĞºĞ°Ñ‚ĞµÑ€Ğ¸Ğ½Ğ°ğŸ’,s.kathleen17,322,81,âœ¨20 y.Ğ¾.
ğŸ¹ĞŸĞ¸Ğ°Ğ½Ğ¸ÑÑ‚ĞºĞ°
ğŸ™ˆĞ›ÑĞ±Ğ»Ñ Ğ²Ğ¾ĞºĞ°Ğ», Ğ¼Ğ°Ñ‚ĞµĞ¼Ğ°Ñ‚Ğ¸ĞºÑƒ Ğ¸ Ğ”Ğ¾ÑÑ‚Ğ¾ĞµĞ²ÑĞºĞ¾Ğ³Ğ¾
Ğ’Ğ¾Ğ²Ğ°,vladimir_0410,135,7,
Natalja  Zyrkina,zyrkina,307,27,
Ğ•Ğ¶Ğ¸Ğ´Ğ·Ğ°,camomille_amour_,36,8,
Valeriya_Makarova,valeriya.makarova,359,138,
ADCI Lifestyle,adci.team,259,84,Ğ¡Ğ¾Ğ·Ğ´Ğ°ĞµĞ¼ ÑĞ°Ğ¹Ñ‚Ñ‹, ĞºÑƒÑ‚Ğ¸Ğ¼ Ğ½Ğ° ĞºĞ¾Ñ€Ğ¿Ğ¾Ñ€Ğ°Ñ‚Ğ¸Ğ²Ğ°Ñ…, Ñ€Ğ°Ğ·Ğ²Ğ¸Ğ²Ğ°ĞµĞ¼ÑÑ, Ğ²Ñ‹Ñ€Ğ°Ñ‰Ğ¸Ğ²Ğ°ĞµĞ¼ ÑÑ‚Ğ°Ğ¶ĞµÑ€Ğ¾Ğ². 
 
ĞŸÑ€Ğ¾Ğ²Ğ¾Ğ´Ğ¸Ğ¼ ĞºĞ¾Ğ½ĞºÑƒÑ€Ñ Ğ² vk, Ğ¿ĞµÑ€ĞµÑ…Ğ¾Ğ´Ğ¸ Ğ¿Ğ¾ ÑÑÑ‹Ğ»ĞºĞµğŸ”»
lugburzâ€¢sleedâ€¢ğš˜ğšğšğš’ğšŒğš’ğšŠğš•,lugburzsleed,1994,86,â€¢Lugburz Sleed Â© 2006â€¢
thinkâ€¢moreâ€¢dreamâ€¢bigger ğŸŒŒ
trveâ€¢kvltâ€¢byâ€¢â€¢@kaswarh1â€¢@did_shwedunâ€¢fromâ€¢ğŸ‡ºğŸ‡¦
#lugburzsleed #blackmetal #spaceambient #spaceblackmetal
ĞĞ»ÑŒĞ³Ğ° ĞĞ»ĞµĞºÑĞµĞµĞ²Ğ½Ğ°ğŸ€,olya.1001,562,321,â–«ĞœĞ¸Ñ€ ÑĞ»Ğ¸ÑˆĞºĞ¾Ğ¼ Ğ¿Ñ€ĞµĞºÑ€Ğ°ÑĞµĞ½, Ñ‡Ñ‚Ğ¾Ğ±Ñ‹ Ğ±Ñ‹Ñ‚ÑŒ Ğ½ĞµÑÑ‡Ğ°ÑÑ‚Ğ½Ñ‹Ğ¼ Ğ² Ğ½ĞµĞ¼ğŸŒŸ
ĞœĞ¾Ñ€ĞµĞ²Ğ° Ğ“Ğ°Ğ»Ğ¸Ğ½Ğ°,ganechka_01,398,72,Ğ›ÑĞ±Ğ¸Ğ¼Ğ°Ñ Ğ·Ğ²ĞµĞ·Ğ´Ğ¾Ñ‡ĞºĞ° Ñ€Ğ¾Ğ´Ğ¸Ñ‚ĞµĞ»ĞµĞ¹ğŸ¤—ğŸŒŸğŸ”¥
No, my name is Nikitosik,nikita_str,361,58,
FixLine,fixline_omsk,454,24,â€¢ĞŸÑ€ĞµĞ´Ğ¾ÑÑ‚Ğ°Ğ²Ğ»ÑĞµĞ¼ Ğ¿Ğ¾Ğ»Ğ½Ñ‹Ğ¹ ÑĞ¿ĞµĞºÑ‚Ñ€ ÑƒÑĞ»ÑƒĞ³ Ğ¿Ğ¾ Ñ€ĞµĞ¼Ğ¾Ğ½Ñ‚Ñƒ Ñ†Ğ¸Ñ„Ñ€Ğ¾Ğ²Ğ¾Ğ¹ Ñ‚ĞµÑ…Ğ½Ğ¸ĞºĞ¸.
â€¢Ğ’Ñ‹ÑĞ²Ğ»ĞµĞ½Ğ¸Ğµ Ğ½ĞµĞ¸ÑĞ¿Ñ€Ğ°Ğ²Ğ½Ğ¾ÑÑ‚Ğ¸ Ğ¸ Ğ¾Ñ†ĞµĞ½ĞºÑƒ ÑÑ‚Ğ¾Ğ¸Ğ¼Ğ¾ÑÑ‚Ğ¸ Ñ€ĞµĞ¼Ğ¾Ğ½Ñ‚Ğ° Ğ¿Ñ€Ğ¾Ğ¸Ğ·Ğ²Ğ¾Ğ´Ğ¸Ğ¼ Ğ±ĞµÑĞ¿Ğ»Ğ°Ñ‚Ğ½Ğ¾.
Genrik Ryapolov,genry_111,374,10,
Ğ”ĞµĞ½Ğ¸Ñ Ğ¢Ñ€ÑƒÑĞµĞ½ĞºĞ¾,avatar4ik3,57,4,
ĞŸĞ¸ÑĞ°Ñ‚ĞµĞ»ÑŒ Ğ¨Ñ€ĞµĞ´Ğ¸Ğ½Ğ³ĞµÑ€Ğ°,klaine_hamels,284,24,
Ğ›Ğ¸Ğ»Ğ¸Ğ°Ğ½ ğŸŒ¼,murderer311,182,52,â¤ğŸ–‡ğŸ–¤
ĞŸĞ¾Ğ»Ğ¸Ğ½Ğ°,it.polinaz,479,16,
,stacy_tisdale,245,440,ğŸĞ¿Ñ€Ğ¾ÑÑ‚Ğ¾ Ğ¼Ğ¾Ñ Ğ¶Ğ¸Ğ·Ğ½ÑŒ
â–ªâ“–â“¡â“˜â“¢â“—â“â“â“¨â“â–ª,grigoreva_iv,1781,62,Ğ”Ğ»Ñ Ğ´ÑƒÑˆĞ¸ğŸŒ¸
Ğ”ĞµĞ²Ğ¾Ñ‡ĞºĞ°,Ğ¾Ğ±Ğ¾Ğ¶Ğ°ÑÑ‰Ğ°Ñ Ğ¼Ğ¸Ğ½Ğ¸-Ğ¿Ğ¸Ğ³ğŸ·ğŸ½
Ğ¡Ñ‚ÑƒĞ´ĞµĞ½Ñ‚ĞºĞ° Ğ˜ĞœĞ˜Ğ¢Ğ°ğŸ˜ˆ
Ğ‘Ğ¾ĞµÑ† Ğ¸ ĞŸÑ€ĞµÑÑ-Ğ¦ĞµĞ½Ñ‚Ñ€ Ğ¡ĞĞŸ "ĞŸĞ»Ğ°Ñ‚Ñ„Ğ¾Ñ€Ğ¼Ğ° 9 3/4"ğŸ”®
ĞŸ-Ğ¿Ñ€Ğ¾Ğ²Ğ¾Ğ´Ğ½Ğ¸ĞºğŸš‚
ĞÑ€Ñ…Ğ¸Ñ‚ĞµĞºÑ‚Ğ¾Ñ€ ÑĞ²Ğ¾ĞµĞ³Ğ¾ Ñ‚ĞµĞ»Ğ°ğŸ’ª
19y.oğŸŒš
ğŸ‡·ğŸ‡º Omsk
DiğŸ’,1dibi7,365,3,ğŸ”—
Ğ•ĞºĞ°Ñ‚ĞµÑ€Ğ¸Ğ½Ğ° Ğ‘Ğ¾Ñ€Ğ·ĞµĞ½ĞºĞ¾,ekaterina.borzenko,188,13,
ĞšĞ¸Ñ€Ğ¸Ğ»Ğ»,asaphesboy,111,10,Â¯\_(ãƒ„)_/Â¯
ĞĞ½Ğ°ÑÑ‚Ğ°ÑĞ¸Ñ Ğ¨Ğ¸Ğ¿Ğ¸Ñ†Ñ‹Ğ½Ğ°,anastasiiashipicina,281,109,
Dashulya,sweet_saharok_,70,11,
Ğ‘ÑƒĞ·Ñ,lilbuzya,322,5,slatt
,glebwakeup,280,50,Ğ¯ Ğ²Ğ¸Ğ¶Ñƒ ĞºĞ¾ÑÑ‚Ñ€Ñ‹ Ğ¸Ğ· ĞºĞ½Ğ¸Ğ³, 
Ğ¯ ÑĞ»Ñ‹ÑˆÑƒ Ğ¾Ğ²Ñ‡Ğ°Ñ€Ğ¾Ğº Ğ»Ğ°Ğ¹.
,_yanaivanovna_,239,29,ğŸ–¤
ğŸ¥€ğ•¶ğ–—ğ–ğ–˜ğ–™ğ–ğ–“ğ–† ğ•¯ğ–Šğ–“ğ–ğ–˜ğ–”ğ–›ğ–“ğ–†,_rmmvn_,1493,77,âœˆï¸ğ—¢ğ—ºğ˜€ğ—¸ 
ğŸ”¥ğ•ğ•ğ•€ğ•€ ğ˜†ğ—²ğ—®ğ—¿ğ˜€ğŸ”¥
ğŸŒ¸ğŸ‘‰ğ—§ğ—¶ğ—¸ğ—§ğ—¼ğ—¸: _ğ—½ğ—¿ğ—¿ğ—¶ğ—»ğ—°ğ—°ğ—²ğ˜€ğ˜€ğ˜€ğ—®_
ğŸ”ğ—£ğ—¿ğ—¶ğ˜ƒğ—®ğ˜: @_w.berry._
ĞÑ€Ñ‚ÑƒÑ€,ar_tur9565,62,1,
ğŸ’œğŸ¦„ĞĞ½Ğ°Ñ€ğŸ¦„ğŸ’œ,a.zh.1513,391,111,
ĞŸÑ€Ğ¾ÑÑ‚Ğ¾ ĞĞ°ÑÑ‚ÑÑˆĞºĞ°,justartn,142,84,20 y.o
â€” Ğ´ĞµĞ»ÑÑÑŒ Ğ¼Ñ‹ÑĞ»ÑĞ¼Ğ¸ Ğ¸ Ğ¶Ğ¸Ğ·Ğ½ÑŒÑ
Ğ”Ğ°Ğ½Ğ¸Ğ¸Ğ» ĞÑ€Ñ‚Ñ‘Ğ¼Ğ¾Ğ²Ğ¸Ñ‡,_daniilartyushenko_,347,59,Ğ§ÑƒĞ²Ğ°Ğº Ñ Ğ³Ğ¸Ñ‚Ğ°Ñ€Ğ¾Ğ¹, 17 y.o, 186/66ğŸ¤ª
Ğ”Ğ¼Ğ¸Ñ‚Ñ€Ğ¸Ğ¹,dima991x1,14,0,
